Workbook

Sheet Recipes
A1: Product Name* | B1: Ingredient Name* | C1: Quantity* | D1: Unit | E1: Category | F1: Made or Bought | G1: Cost per Unit (₱) | H1: Line Cost (₱) | I1: Priced?
A2: Americano ( Hot ) | B2: Coffee Beans | C2: 17 | D2: g | E2: Black and White - Hot | F2: Bought | G2: 1.1 | H2: =IF(OR(NOT(ISNUMBER($C2)),NOT(ISNUMBER($G2))),"",$C2*$G2) -> 18.7 | I2: Yes
A3: Americano ( Hot ) | B3: Hot Cup 12oz | C3: 1 | D3: pc | E3: Black and White - Hot | F3: Bought | G3: 5 | H3: =IF(OR(NOT(ISNUMBER($C3)),NOT(ISNUMBER($G3))),"",$C3*$G3) -> 5 | I3: Yes
A4: Americano ( Hot ) | B4: Hot Lid | C4: 1 | D4: pc | E4: Black and White - Hot | F4: Bought | G4: 1.6 | H4: =IF(OR(NOT(ISNUMBER($C4)),NOT(ISNUMBER($G4))),"",$C4*$G4) -> 1.6 | I4: Yes
A5: Americano ( Hot ) | B5: Water | C5: 300 | D5: ml | E5: Black and White - Hot | F5: Bought | G5: 0.002 | H5: =IF(OR(NOT(ISNUMBER($C5)),NOT(ISNUMBER($G5))),"",$C5*$G5) -> 0.6 | I5: Yes
A6: Americano ( Iced ) | B6: Coffee Beans | C6: 17 | D6: g | E6: Black and White - Iced | F6: Bought | G6: 1.1 | H6: =IF(OR(NOT(ISNUMBER($C6)),NOT(ISNUMBER($G6))),"",$C6*$G6) -> 18.7 | I6: Yes
A7: Americano ( Iced ) | B7: Cold Cup 16oz | C7: 1 | D7: pc | E7: Black and White - Iced | F7: Bought | G7: 3.64 | H7: =IF(OR(NOT(ISNUMBER($C7)),NOT(ISNUMBER($G7))),"",$C7*$G7) -> 3.64 | I7: Yes
A8: Americano ( Iced ) | B8: Ice | C8: 300 | D8: g | E8: Black and White - Iced | F8: Bought | G8: 0.0015 | H8: =IF(OR(NOT(ISNUMBER($C8)),NOT(ISNUMBER($G8))),"",$C8*$G8) -> 0.45 | I8: Yes
A9: Americano ( Iced ) | B9: Strawless Lid ( Cold ) | C9: 1 | D9: pc | E9: Black and White - Iced | F9: Bought | G9: 1.6429 | H9: =IF(OR(NOT(ISNUMBER($C9)),NOT(ISNUMBER($G9))),"",$C9*$G9) -> 1.6429 | I9: Yes
A10: Americano ( Iced ) | B10: Water | C10: 150 | D10: ml | E10: Black and White - Iced | F10: Bought | G10: 0.002 | H10: =IF(OR(NOT(ISNUMBER($C10)),NOT(ISNUMBER($G10))),"",$C10*$G10) -> 0.3 | I10: Yes
A11: Berry Carolina | B11: Cold Cup 16oz | C11: 1 | D11: pc | E11: Yogurt Series | F11: Bought | G11: 3.64 | H11: =IF(OR(NOT(ISNUMBER($C11)),NOT(ISNUMBER($G11))),"",$C11*$G11) -> 3.64 | I11: Yes
A12: Berry Carolina | B12: Emborg Fresh Milk | C12: 150 | D12: ml | E12: Yogurt Series | F12: Bought | G12: 0.09 | H12: =IF(OR(NOT(ISNUMBER($C12)),NOT(ISNUMBER($G12))),"",$C12*$G12) -> 13.5 | I12: Yes
A13: Berry Carolina | B13: Ice | C13: 300 | D13: g | E13: Yogurt Series | F13: Bought | G13: 0.0015 | H13: =IF(OR(NOT(ISNUMBER($C13)),NOT(ISNUMBER($G13))),"",$C13*$G13) -> 0.45 | I13: Yes
... A59: Blueberry Yogurt | B59: Yogurt | C59: 40 | D59: ml | E59: Yogurt Series | F59: Bought | G59: 0.34 | H59: =IF(OR(NOT(ISNUMBER($C59)),NOT(ISNUMBER($G59))),"",$C59*$G59) -> 13.6 | I59: Yes
A60: Buffalo Wings | B60: Butter | C60: 0.7 | D60: g | E60: Wings & Chicken | F60: Bought | H60: =IF(OR(NOT(ISNUMBER($C60)),NOT(ISNUMBER($G60))),"",$C60*$G60) | I60: No price yet
A61: Buffalo Wings | B61: Cayenne pepper | C61: 1 | D61: g | E61: Wings & Chicken | F61: Bought | H61: =IF(OR(NOT(ISNUMBER($C61)),NOT(ISNUMBER($G61))),"",$C61*$G61) | I61: No price yet
A62: Buffalo Wings | B62: Chicken wings | C62: 2 | D62: pc | E62: Wings & Chicken | F62: Bought | G62: 11.0126 | H62: =IF(OR(NOT(ISNUMBER($C62)),NOT(ISNUMBER($G62))),"",$C62*$G62) -> 22.0252 | I62: Yes
A63: Buffalo Wings | B63: Chili powder | C63: 1 | D63: g | E63: Wings & Chicken | F63: Bought | G63: 2.864 | H63: =IF(OR(NOT(ISNUMBER($C63)),NOT(ISNUMBER($G63))),"",$C63*$G63) -> 2.864 | I63: Yes
A64: Buffalo Wings | B64: Flour | C64: 20 | D64: g | E64: Wings & Chicken | F64: Bought | H64: =IF(OR(NOT(ISNUMBER($C64)),NOT(ISNUMBER($G64))),"",$C64*$G64) | I64: No price yet
A65: Buffalo Wings | B65: Ground Black Pepper | C65: 1 | D65: g | E65: Wings & Chicken | F65: Bought | G65: 1.1667 | H65: =IF(OR(NOT(ISNUMBER($C65)),NOT(ISNUMBER($G65))),"",$C65*$G65) -> 1.1667 | I65: Yes
A66: Buffalo Wings | B66: Paprika | C66: 1 | D66: g | E66: Wings & Chicken | F66: Bought | H66: =IF(OR(NOT(ISNUMBER($C66)),NOT(ISNUMBER($G66))),"",$C66*$G66) | I66: No price yet
A67: Buffalo Wings | B67: Salt | C67: 0.8 | D67: g | E67: Wings & Chicken | F67: Bought | H67: =IF(OR(NOT(ISNUMBER($C67)),NOT(ISNUMBER($G67))),"",$C67*$G67) | I67: No price yet
A68: Buffalo Wings | B68: Sesame Seed | C68: 5 | D68: g | E68: Wings & Chicken | F68: Bought | G68: 0.395 | H68: =IF(OR(NOT(ISNUMBER($C68)),NOT(ISNUMBER($G68))),"",$C68*$G68) -> 1.975 | I68: Yes
A69: Buffalo Wings | B69: Sriracha | C69: 15 | D69: g | E69: Wings & Chicken | F69: Bought | H69: =IF(OR(NOT(ISNUMBER($C69)),NOT(ISNUMBER($G69))),"",$C69*$G69) | I69: No price yet
A70: Buffalo Wings | B70: Sugar | C70: 5 | D70: g | E70: Wings & Chicken | F70: Bought | G70: 0.09 | H70: =IF(OR(NOT(ISNUMBER($C70)),NOT(ISNUMBER($G70))),"",$C70*$G70) -> 0.45 | I70: Yes
A71: Café Latte ( Hot ) | B71: Coffee Beans | C71: 17 | D71: g | E71: Black and White - Hot | F71: Bought | G71: 1.1 | H71: =IF(OR(NOT(ISNUMBER($C71)),NOT(ISNUMBER($G71))),"",$C71*$G71) -> 18.7 | I71: Yes
A72: Café Latte ( Hot ) | B72: Emborg Fresh Milk | C72: 200 | D72: ml | E72: Black and White - Hot | F72: Bought | G72: 0.09 | H72: =IF(OR(NOT(ISNUMBER($C72)),NOT(ISNUMBER($G72))),"",$C72*$G72) -> 18 | I72: Yes
A73: Café Latte ( Hot ) | B73: Hot Cup 12oz | C73: 1 | D73: pc | E73: Black and White - Hot | F73: Bought | G73: 5 | H73: =IF(OR(NOT(ISNUMBER($C73)),NOT(ISNUMBER($G73))),"",$C73*$G73) -> 5 | I73: Yes
A74: Café Latte ( Hot ) | B74: Hot Lid | C74: 1 | D74: pc | E74: Black and White - Hot | F74: Bought | G74: 1.6 | H74: =IF(OR(NOT(ISNUMBER($C74)),NOT(ISNUMBER($G74))),"",$C74*$G74) -> 1.6 | I74: Yes
A75: Café Latte ( Iced ) | B75: Coffee Beans | C75: 17 | D75: g | E75: Black and White - Iced | F75: Bought | G75: 1.1 | H75: =IF(OR(NOT(ISNUMBER($C75)),NOT(ISNUMBER($G75))),"",$C75*$G75) -> 18.7 | I75: Yes
A76: Café Latte ( Iced ) | B76: Cold Cup 16oz | C76: 1 | D76: pc | E76: Black and White - Iced | F76: Bought | G76: 3.64 | H76: =IF(OR(NOT(ISNUMBER($C76)),NOT(ISNUMBER($G76))),"",$C76*$G76) -> 3.64 | I76: Yes
A77: Café Latte ( Iced ) | B77: Emborg Fresh Milk | C77: 150 | D77: ml | E77: Black and White - Iced | F77: Bought | G77: 0.09 | H77: =IF(OR(NOT(ISNUMBER($C77)),NOT(ISNUMBER($G77))),"",$C77*$G77) -> 13.5 | I77: Yes
A78: Café Latte ( Iced ) | B78: Ice | C78: 300 | D78: g | E78: Black and White - Iced | F78: Bought | G78: 0.0015 | H78: =IF(OR(NOT(ISNUMBER($C78)),NOT(ISNUMBER($G78))),"",$C78*$G78) -> 0.45 | I78: Yes
A79: Café Latte ( Iced ) | B79: Strawless Lid ( Cold ) | C79: 1 | D79: pc | E79: Black and White - Iced | F79: Bought | G79: 1.6429 | H79: =IF(OR(NOT(ISNUMBER($C79)),NOT(ISNUMBER($G79))),"",$C79*$G79) -> 1.6429 | I79: Yes
A80: Café Mocha ( Hot ) | B80: Coffee Beans | C80: 17 | D80: g | E80: House Special - Hot | F80: Bought | G80: 1.1 | H80: =IF(OR(NOT(ISNUMBER($C80)),NOT(ISNUMBER($G80))),"",$C80*$G80) -> 18.7 | I80: Yes
A81: Café Mocha ( Hot ) | B81: DaVinci Gourmet Chocolate Sauce | C81: 30 | D81: ml | E81: House Special - Hot | F81: Bought | G81: 0.6085 | H81: =IF(OR(NOT(ISNUMBER($C81)),NOT(ISNUMBER($G81))),"",$C81*$G81) -> 18.255 | I81: Yes
... A144: Flat White ( Hot ) | B144: Hot Lid | C144: 1 | D144: pc | E144: Black and White - Hot | F144: Bought | G144: 1.6 | H144: =IF(OR(NOT(ISNUMBER($C144)),NOT(ISNUMBER($G144))),"",$C144*$G144) -> 1.6 | I144: Yes
A145: Garlic Chicken | B145: Butter | C145: 2.4 | D145: g | E145: Wings & Chicken | F145: Bought | H145: =IF(OR(NOT(ISNUMBER($C145)),NOT(ISNUMBER($G145))),"",$C145*$G145) | I145: No price yet
A146: Garlic Chicken | B146: Garlic | C146: 2.5 | D146: g | E146: Wings & Chicken | F146: Bought | G146: 0.112 | H146: =IF(OR(NOT(ISNUMBER($C146)),NOT(ISNUMBER($G146))),"",$C146*$G146) -> 0.28 | I146: Yes
A147: Garlic Chicken | B147: Knorr Liquid Seasoning | C147: 40 | D147: ml | E147: Wings & Chicken | F147: Bought | G147: 0.3395 | H147: =IF(OR(NOT(ISNUMBER($C147)),NOT(ISNUMBER($G147))),"",$C147*$G147) -> 13.58 | I147: Yes
A148: Garlic Chicken | B148: Sugar | C148: 38 | D148: g | E148: Wings & Chicken | F148: Bought | G148: 0.09 | H148: =IF(OR(NOT(ISNUMBER($C148)),NOT(ISNUMBER($G148))),"",$C148*$G148) -> 3.42 | I148: Yes
A149: Garlic Parmesan | B149: Butter | C149: 10 | D149: g | E149: Wings & Chicken | F149: Bought | H149: =IF(OR(NOT(ISNUMBER($C149)),NOT(ISNUMBER($G149))),"",$C149*$G149) | I149: No price yet
A150: Garlic Parmesan | B150: Garlic | C150: 5 | D150: g | E150: Wings & Chicken | F150: Bought | G150: 0.112 | H150: =IF(OR(NOT(ISNUMBER($C150)),NOT(ISNUMBER($G150))),"",$C150*$G150) -> 0.56 | I150: Yes
A151: Garlic Parmesan | B151: Ground Black Pepper | C151: 0.3 | D151: g | E151: Wings & Chicken | F151: Bought | G151: 1.1667 | H151: =IF(OR(NOT(ISNUMBER($C151)),NOT(ISNUMBER($G151))),"",$C151*$G151) -> 0.35 | I151: Yes
A152: Garlic Parmesan | B152: Honey | C152: 8 | D152: g | E152: Wings & Chicken | F152: Bought | H152: =IF(OR(NOT(ISNUMBER($C152)),NOT(ISNUMBER($G152))),"",$C152*$G152) | I152: No price yet
A153: Garlic Parmesan | B153: Parmesan Cheese | C153: 10 | D153: g | E153: Wings & Chicken | F153: Bought | G153: 1.4185 | H153: =IF(OR(NOT(ISNUMBER($C153)),NOT(ISNUMBER($G153))),"",$C153*$G153) -> 14.185 | I153: Yes
A154: Garlic Parmesan | B154: Parsley | C154: 0.5 | D154: g | E154: Wings & Chicken | F154: Bought | H154: =IF(OR(NOT(ISNUMBER($C154)),NOT(ISNUMBER($G154))),"",$C154*$G154) | I154: No price yet
A155: Hazelnut Frappuccino | B155: Cold Cup 16oz | C155: 1 | D155: pc | E155: Frappe - Coffee Based | F155: Bought | G155: 3.64 | H155: =IF(OR(NOT(ISNUMBER($C155)),NOT(ISNUMBER($G155))),"",$C155*$G155) -> 3.64 | I155: Yes
A156: Hazelnut Frappuccino | B156: DaVinci Gourmet Chocolate Sauce | C156: 40 | D156: ml | E156: Frappe - Coffee Based | F156: Bought | G156: 0.6085 | H156: =IF(OR(NOT(ISNUMBER($C156)),NOT(ISNUMBER($G156))),"",$C156*$G156) -> 24.34 | I156: Yes
A157: Hazelnut Frappuccino | B157: Dome Lid ( Cold ) | C157: 1 | D157: pc | E157: Frappe - Coffee Based | F157: Bought | G157: 1.86 | H157: =IF(OR(NOT(ISNUMBER($C157)),NOT(ISNUMBER($G157))),"",$C157*$G157) -> 1.86 | I157: Yes
A158: Hazelnut Frappuccino | B158: Emborg Fresh Milk | C158: 100 | D158: ml | E158: Frappe - Coffee Based | F158: Bought | G158: 0.09 | H158: =IF(OR(NOT(ISNUMBER($C158)),NOT(ISNUMBER($G158))),"",$C158*$G158) -> 9 | I158: Yes
A159: Hazelnut Frappuccino | B159: Frappese Powder | C159: 30 | D159: g | E159: Frappe - Coffee Based | F159: Bought | G159: 0.7253 | H159: =IF(OR(NOT(ISNUMBER($C159)),NOT(ISNUMBER($G159))),"",$C159*$G159) -> 21.759 | I159: Yes
A160: Hazelnut Frappuccino | B160: Hazelnut Syrup | C160: 30 | D160: ml | E160: Frappe - Coffee Based | F160: Bought | G160: 0.72 | H160: =IF(OR(NOT(ISNUMBER($C160)),NOT(ISNUMBER($G160))),"",$C160*$G160) -> 21.6 | I160: Yes
A161: Hazelnut Frappuccino | B161: Ice | C161: 300 | D161: g | E161: Frappe - Coffee Based | F161: Bought | G161: 0.0015 | H161: =IF(OR(NOT(ISNUMBER($C161)),NOT(ISNUMBER($G161))),"",$C161*$G161) -> 0.45 | I161: Yes
A162: Hazelnut Frappuccino | B162: Whipped Cream | C162: 15 | D162: g | E162: Frappe - Coffee Based | F162: Bought | G162: 0.27 | H162: =IF(OR(NOT(ISNUMBER($C162)),NOT(ISNUMBER($G162))),"",$C162*$G162) -> 4.05 | I162: Yes
A163: Hazelnut Latte ( Hot ) | B163: Coffee Beans | C163: 17 | D163: g | E163: House Special - Hot | F163: Bought | G163: 1.1 | H163: =IF(OR(NOT(ISNUMBER($C163)),NOT(ISNUMBER($G163))),"",$C163*$G163) -> 18.7 | I163: Yes
A164: Hazelnut Latte ( Hot ) | B164: Emborg Fresh Milk | C164: 200 | D164: ml | E164: House Special - Hot | F164: Bought | G164: 0.09 | H164: =IF(OR(NOT(ISNUMBER($C164)),NOT(ISNUMBER($G164))),"",$C164*$G164) -> 18 | I164: Yes
A165: Hazelnut Latte ( Hot ) | B165: Hazelnut Syrup | C165: 30 | D165: ml | E165: House Special - Hot | F165: Bought | G165: 0.72 | H165: =IF(OR(NOT(ISNUMBER($C165)),NOT(ISNUMBER($G165))),"",$C165*$G165) -> 21.6 | I165: Yes
A166: Hazelnut Latte ( Hot ) | B166: Hot Cup 12oz | C166: 1 | D166: pc | E166: House Special - Hot | F166: Bought | G166: 5 | H166: =IF(OR(NOT(ISNUMBER($C166)),NOT(ISNUMBER($G166))),"",$C166*$G166) -> 5 | I166: Yes
... A188: Hazelnut Mocha ( Iced ) | B188: Strawless Lid ( Cold ) | C188: 1 | D188: pc | E188: House Special - Iced | F188: Bought | G188: 1.6429 | H188: =IF(OR(NOT(ISNUMBER($C188)),NOT(ISNUMBER($G188))),"",$C188*$G188) -> 1.6429 | I188: Yes
A189: Herbed Honey Garlic | B189: Apple cider vinegar | C189: 7 | D189: g | E189: Wings & Chicken | F189: Bought | H189: =IF(OR(NOT(ISNUMBER($C189)),NOT(ISNUMBER($G189))),"",$C189*$G189) | I189: No price yet
A190: Herbed Honey Garlic | B190: Butter | C190: 15 | D190: g | E190: Wings & Chicken | F190: Bought | H190: =IF(OR(NOT(ISNUMBER($C190)),NOT(ISNUMBER($G190))),"",$C190*$G190) | I190: No price yet
A191: Herbed Honey Garlic | B191: Chicken wings | C191: 2 | D191: pc | E191: Wings & Chicken | F191: Bought | G191: 11.0126 | H191: =IF(OR(NOT(ISNUMBER($C191)),NOT(ISNUMBER($G191))),"",$C191*$G191) -> 22.0252 | I191: Yes
A192: Herbed Honey Garlic | B192: Dried rosemary | C192: 0.2 | D192: g | E192: Wings & Chicken | F192: Bought | H192: =IF(OR(NOT(ISNUMBER($C192)),NOT(ISNUMBER($G192))),"",$C192*$G192) | I192: No price yet
A193: Herbed Honey Garlic | B193: Dried thyme | C193: 0.1 | D193: g | E193: Wings & Chicken | F193: Bought | H193: =IF(OR(NOT(ISNUMBER($C193)),NOT(ISNUMBER($G193))),"",$C193*$G193) | I193: No price yet
A194: Herbed Honey Garlic | B194: Flour | C194: 10 | D194: g | E194: Wings & Chicken | F194: Bought | H194: =IF(OR(NOT(ISNUMBER($C194)),NOT(ISNUMBER($G194))),"",$C194*$G194) | I194: No price yet
A195: Herbed Honey Garlic | B195: Grated Parmesan | C195: 20 | D195: g | E195: Wings & Chicken | F195: Bought | G195: 1.6427 | H195: =IF(OR(NOT(ISNUMBER($C195)),NOT(ISNUMBER($G195))),"",$C195*$G195) -> 32.854 | I195: Yes
A196: Herbed Honey Garlic | B196: Honey | C196: 30 | D196: g | E196: Wings & Chicken | F196: Bought | H196: =IF(OR(NOT(ISNUMBER($C196)),NOT(ISNUMBER($G196))),"",$C196*$G196) | I196: No price yet
A197: Herbed Honey Garlic | B197: Parsley | C197: 0.5 | D197: g | E197: Wings & Chicken | F197: Bought | H197: =IF(OR(NOT(ISNUMBER($C197)),NOT(ISNUMBER($G197))),"",$C197*$G197) | I197: No price yet
A198: Herbed Honey Garlic | B198: Pepper | C198: 0.2 | D198: g | E198: Wings & Chicken | F198: Bought | H198: =IF(OR(NOT(ISNUMBER($C198)),NOT(ISNUMBER($G198))),"",$C198*$G198) | I198: No price yet
A199: Herbed Honey Garlic | B199: Salt | C199: 0.2 | D199: g | E199: Wings & Chicken | F199: Bought | H199: =IF(OR(NOT(ISNUMBER($C199)),NOT(ISNUMBER($G199))),"",$C199*$G199) | I199: No price yet
A200: Herbed Honey Garlic | B200: Soy sauce | C200: 5 | D200: g | E200: Wings & Chicken | F200: Bought | H200: =IF(OR(NOT(ISNUMBER($C200)),NOT(ISNUMBER($G200))),"",$C200*$G200) | I200: No price yet
A201: Herbed Honey Garlic | B201: Water | C201: 5 | D201: ml | E201: Wings & Chicken | F201: Bought | G201: 0.002 | H201: =IF(OR(NOT(ISNUMBER($C201)),NOT(ISNUMBER($G201))),"",$C201*$G201) -> 0.01 | I201: Yes
A202: Hojicha Milk ( Hot ) | B202: Agave Syrup | C202: 10 | D202: ml | E202: Matcha Series - Hot | F202: Bought | G202: 1.486 | H202: =IF(OR(NOT(ISNUMBER($C202)),NOT(ISNUMBER($G202))),"",$C202*$G202) -> 14.86 | I202: Yes
A203: Hojicha Milk ( Hot ) | B203: Hojicha Powder | C203: 4 | D203: g | E203: Matcha Series - Hot | F203: Bought | G203: 5.9 | H203: =IF(OR(NOT(ISNUMBER($C203)),NOT(ISNUMBER($G203))),"",$C203*$G203) -> 23.6 | I203: Yes
A204: Hojicha Milk ( Hot ) | B204: Hot Cup 12oz | C204: 1 | D204: pc | E204: Matcha Series - Hot | F204: Bought | G204: 5 | H204: =IF(OR(NOT(ISNUMBER($C204)),NOT(ISNUMBER($G204))),"",$C204*$G204) -> 5 | I204: Yes
A205: Hojicha Milk ( Hot ) | B205: Hot Lid | C205: 1 | D205: pc | E205: Matcha Series - Hot | F205: Bought | G205: 1.6 | H205: =IF(OR(NOT(ISNUMBER($C205)),NOT(ISNUMBER($G205))),"",$C205*$G205) -> 1.6 | I205: Yes
A206: Hojicha Milk ( Hot ) | B206: Oatside | C206: 200 | D206: ml | E206: Matcha Series - Hot | F206: Bought | G206: 0.145 | H206: =IF(OR(NOT(ISNUMBER($C206)),NOT(ISNUMBER($G206))),"",$C206*$G206) -> 29 | I206: Yes
A207: Hojicha Milk ( Iced ) | B207: Agave Syrup | C207: 10 | D207: ml | E207: Matcha Series - Iced | F207: Bought | G207: 1.486 | H207: =IF(OR(NOT(ISNUMBER($C207)),NOT(ISNUMBER($G207))),"",$C207*$G207) -> 14.86 | I207: Yes
A208: Hojicha Milk ( Iced ) | B208: Cold Cup 12oz | C208: 1 | D208: pc | E208: Matcha Series - Iced | F208: Bought | G208: 3.5 | H208: =IF(OR(NOT(ISNUMBER($C208)),NOT(ISNUMBER($G208))),"",$C208*$G208) -> 3.5 | I208: Yes
A209: Hojicha Milk ( Iced ) | B209: Hojicha Powder | C209: 4 | D209: g | E209: Matcha Series - Iced | F209: Bought | G209: 5.9 | H209: =IF(OR(NOT(ISNUMBER($C209)),NOT(ISNUMBER($G209))),"",$C209*$G209) -> 23.6 | I209: Yes
A210: Hojicha Milk ( Iced ) | B210: Ice | C210: 300 | D210: g | E210: Matcha Series - Iced | F210: Bought | G210: 0.0015 | H210: =IF(OR(NOT(ISNUMBER($C210)),NOT(ISNUMBER($G210))),"",$C210*$G210) -> 0.45 | I210: Yes
A211: Hojicha Milk ( Iced ) | B211: Oatside | C211: 150 | D211: ml | E211: Matcha Series - Iced | F211: Bought | G211: 0.145 | H211: =IF(OR(NOT(ISNUMBER($C211)),NOT(ISNUMBER($G211))),"",$C211*$G211) -> 21.75 | I211: Yes
A212: Hojicha Milk ( Iced ) | B212: Strawless Lid ( Cold ) | C212: 1 | D212: pc | E212: Matcha Series - Iced | F212: Bought | G212: 1.6429 | H212: =IF(OR(NOT(ISNUMBER($C212)),NOT(ISNUMBER($G212))),"",$C212*$G212) -> 1.6429 | I212: Yes
A213: Honey Sriracha | B213: Honey | C213: 12 | D213: g | E213: Wings & Chicken | F213: Bought | H213: =IF(OR(NOT(ISNUMBER($C213)),NOT(ISNUMBER($G213))),"",$C213*$G213) | I213: No price yet
A214: Honey Sriracha | B214: Sriracha | C214: 15 | D214: g | E214: Wings & Chicken | F214: Bought | H214: =IF(OR(NOT(ISNUMBER($C214)),NOT(ISNUMBER($G214))),"",$C214*$G214) | I214: No price yet
A215: Java Chip | B215: Chocolate Chips | C215: 30 | D215: g | E215: Frappe - Coffee Based | F215: Bought | G215: 0.35 | H215: =IF(OR(NOT(ISNUMBER($C215)),NOT(ISNUMBER($G215))),"",$C215*$G215) -> 10.5 | I215: Yes
A216: Java Chip | B216: Coffee Beans | C216: 17 | D216: g | E216: Frappe - Coffee Based | F216: Bought | G216: 1.1 | H216: =IF(OR(NOT(ISNUMBER($C216)),NOT(ISNUMBER($G216))),"",$C216*$G216) -> 18.7 | I216: Yes
A217: Java Chip | B217: Cold Cup 16oz | C217: 1 | D217: pc | E217: Frappe - Coffee Based | F217: Bought | G217: 3.64 | H217: =IF(OR(NOT(ISNUMBER($C217)),NOT(ISNUMBER($G217))),"",$C217*$G217) -> 3.64 | I217: Yes
A218: Java Chip | B218: DaVinci Gourmet Chocolate Sauce | C218: 40 | D218: ml | E218: Frappe - Coffee Based | F218: Bought | G218: 0.6085 | H218: =IF(OR(NOT(ISNUMBER($C218)),NOT(ISNUMBER($G218))),"",$C218*$G218) -> 24.34 | I218: Yes
A219: Java Chip | B219: Dome Lid ( Cold ) | C219: 1 | D219: pc | E219: Frappe - Coffee Based | F219: Bought | G219: 1.86 | H219: =IF(OR(NOT(ISNUMBER($C219)),NOT(ISNUMBER($G219))),"",$C219*$G219) -> 1.86 | I219: Yes
A220: Java Chip | B220: Emborg Fresh Milk | C220: 100 | D220: ml | E220: Frappe - Coffee Based | F220: Bought | G220: 0.09 | H220: =IF(OR(NOT(ISNUMBER($C220)),NOT(ISNUMBER($G220))),"",$C220*$G220) -> 9 | I220: Yes
A221: Java Chip | B221: Frappese Powder | C221: 30 | D221: g | E221: Frappe - Coffee Based | F221: Bought | G221: 0.7253 | H221: =IF(OR(NOT(ISNUMBER($C221)),NOT(ISNUMBER($G221))),"",$C221*$G221) -> 21.759 | I221: Yes
A222: Java Chip | B222: Ice | C222: 300 | D222: g | E222: Frappe - Coffee Based | F222: Bought | G222: 0.0015 | H222: =IF(OR(NOT(ISNUMBER($C222)),NOT(ISNUMBER($G222))),"",$C222*$G222) -> 0.45 | I222: Yes
A223: Java Chip | B223: Whipped Cream | C223: 15 | D223: g | E223: Frappe - Coffee Based | F223: Bought | G223: 0.27 | H223: =IF(OR(NOT(ISNUMBER($C223)),NOT(ISNUMBER($G223))),"",$C223*$G223) -> 4.05 | I223: Yes
A224: Kiwi Soda | B224: Cold Cup 16oz | C224: 1 | D224: pc | E224: Soda | F224: Bought | G224: 3.64 | H224: =IF(OR(NOT(ISNUMBER($C224)),NOT(ISNUMBER($G224))),"",$C224*$G224) -> 3.64 | I224: Yes
A225: Kiwi Soda | B225: Dried Lemon | C225: 0.5 | D225: g | E225: Soda | F225: Bought | G225: 0.749 | H225: =IF(OR(NOT(ISNUMBER($C225)),NOT(ISNUMBER($G225))),"",$C225*$G225) -> 0.3745 | I225: Yes
A226: Kiwi Soda | B226: Ice | C226: 300 | D226: g | E226: Soda | F226: Bought | G226: 0.0015 | H226: =IF(OR(NOT(ISNUMBER($C226)),NOT(ISNUMBER($G226))),"",$C226*$G226) -> 0.45 | I226: Yes
... A398: Sweet & Spicy BBQ | B398: Chicken powder | C398: 1.3 | D398: g | E398: Wings & Chicken | F398: Bought | G398: 0.5066 | H398: =IF(OR(NOT(ISNUMBER($C398)),NOT(ISNUMBER($G398))),"",$C398*$G398) -> 0.6586 | I398: Yes
A399: Sweet & Spicy BBQ | B399: Garlic powder | C399: 1.3 | D399: g | E399: Wings & Chicken | F399: Bought | H399: =IF(OR(NOT(ISNUMBER($C399)),NOT(ISNUMBER($G399))),"",$C399*$G399) | I399: No price yet
...

Sheet Dish Costs
A1: Category | B1: Product Name | C1: Sells For (₱) | D1: Cost to Make (₱) | E1: Margin (₱) | F1: Margin % | G1: Recipe Lines | H1: Lines With No Price | I1: Costing Complete?
A2: Black and White - Hot | B2: Americano ( Hot ) | C2: 80 | D2: =SUMPRODUCT((Recipes!$A$2:$A$480=$B2)*IF(ISNUMBER(Recipes!$H$2:$H$480),Recipes!$H$2:$H$480,0)) -> 25.9 | E2: =IF($D2="","",$C2-$D2) -> 54.1 | F2: =IF(OR($I2<>"Yes",$C2<=0),"",($C2-$D2)/$C2) -> 0.67625 | G2: =SUMPRODUCT((Recipes!$A$2:$A$480=$B2)*1) -> 4 | H2: =SUMPRODUCT((Recipes!$A$2:$A$480=$B2)*(Recipes!$I$2:$I$480="No price yet")) -> 0 | I2: =IF($H2>0,"No","Yes") -> Yes
A3: Black and White - Iced | B3: Americano ( Iced ) | C3: 100 | D3: =SUMPRODUCT((Recipes!$A$2:$A$480=$B3)*IF(ISNUMBER(Recipes!$H$2:$H$480),Recipes!$H$2:$H$480,0)) -> 24.73 | E3: =IF($D3="","",$C3-$D3) -> 75.27 | F3: =IF(OR($I3<>"Yes",$C3<=0),"",($C3-$D3)/$C3) -> 0.752671 | G3: =SUMPRODUCT((Recipes!$A$2:$A$480=$B3)*1) -> 5 | H3: =SUMPRODUCT((Recipes!$A$2:$A$480=$B3)*(Recipes!$I$2:$I$480="No price yet")) -> 0 | I3: =IF($H3>0,"No","Yes") -> Yes
A4: Yogurt Series | B4: Berry Carolina | C4: 149 | D4: =SUMPRODUCT((Recipes!$A$2:$A$480=$B4)*IF(ISNUMBER(Recipes!$H$2:$H$480),Recipes!$H$2:$H$480,0)) -> 47.84 | E4: =IF($D4="","",$C4-$D4) -> 101.16 | F4: =IF(OR($I4<>"Yes",$C4<=0),"",($C4-$D4)/$C4) -> 0.678893 | G4: =SUMPRODUCT((Recipes!$A$2:$A$480=$B4)*1) -> 7 | H4: =SUMPRODUCT((Recipes!$A$2:$A$480=$B4)*(Recipes!$I$2:$I$480="No price yet")) -> 0 | I4: =IF($H4>0,"No","Yes") -> Yes
A5: Yogurt Series | B5: Biscoff Carolina | C5: 159 | D5: =SUMPRODUCT((Recipes!$A$2:$A$480=$B5)*IF(ISNUMBER(Recipes!$H$2:$H$480),Recipes!$H$2:$H$480,0)) -> 69.43 | E5: =IF($D5="","",$C5-$D5) -> 89.57 | F5: =IF(OR($I5<>"Yes",$C5<=0),"",($C5-$D5)/$C5) -> 0.563354 | G5: =SUMPRODUCT((Recipes!$A$2:$A$480=$B5)*1) -> 9 | H5: =SUMPRODUCT((Recipes!$A$2:$A$480=$B5)*(Recipes!$I$2:$I$480="No price yet")) -> 0 | I5: =IF($H5>0,"No","Yes") -> Yes
A6: Frappe - Milk Based | B6: Biscoff Frappe | C6: 179 | D6: =SUMPRODUCT((Recipes!$A$2:$A$480=$B6)*IF(ISNUMBER(Recipes!$H$2:$H$480),Recipes!$H$2:$H$480,0)) -> 72.51 | E6: =IF($D6="","",$C6-$D6) -> 106.49 | F6: =IF(OR($I6<>"Yes",$C6<=0),"",($C6-$D6)/$C6) -> 0.594919 | G6: =SUMPRODUCT((Recipes!$A$2:$A$480=$B6)*1) -> 10 | H6: =SUMPRODUCT((Recipes!$A$2:$A$480=$B6)*(Recipes!$I$2:$I$480="No price yet")) -> 0 | I6: =IF($H6>0,"No","Yes") -> Yes
A7: Frappe - Milk Based | B7: Blueberries & Cream | C7: 149 | D7: =SUMPRODUCT((Recipes!$A$2:$A$480=$B7)*IF(ISNUMBER(Recipes!$H$2:$H$480),Recipes!$H$2:$H$480,0)) -> 48.49 | E7: =IF($D7="","",$C7-$D7) -> 100.51 | F7: =IF(OR($I7<>"Yes",$C7<=0),"",($C7-$D7)/$C7) -> 0.674581 | G7: =SUMPRODUCT((Recipes!$A$2:$A$480=$B7)*1) -> 8 | H7: =SUMPRODUCT((Recipes!$A$2:$A$480=$B7)*(Recipes!$I$2:$I$480="No price yet")) -> 0 | I7: =IF($H7>0,"No","Yes") -> Yes
A8: Soda | B8: Blueberry Soda | C8: 70 | D8: =SUMPRODUCT((Recipes!$A$2:$A$480=$B8)*IF(ISNUMBER(Recipes!$H$2:$H$480),Recipes!$H$2:$H$480,0)) -> 26.76 | E8: =IF($D8="","",$C8-$D8) -> 43.24 | F8: =IF(OR($I8<>"Yes",$C8<=0),"",($C8-$D8)/$C8) -> 0.617644 | G8: =SUMPRODUCT((Recipes!$A$2:$A$480=$B8)*1) -> 8 | H8: =SUMPRODUCT((Recipes!$A$2:$A$480=$B8)*(Recipes!$I$2:$I$480="No price yet")) -> 0 | I8: =IF($H8>0,"No","Yes") -> Yes
A9: Yogurt Series | B9: Blueberry Yogurt | C9: 139 | D9: =SUMPRODUCT((Recipes!$A$2:$A$480=$B9)*IF(ISNUMBER(Recipes!$H$2:$H$480),Recipes!$H$2:$H$480,0)) -> 36.98 | E9: =IF($D9="","",$C9-$D9) -> 102.02 | F9: =IF(OR($I9<>"Yes",$C9<=0),"",($C9-$D9)/$C9) -> 0.733965 | G9: =SUMPRODUCT((Recipes!$A$2:$A$480=$B9)*1) -> 7 | H9: =SUMPRODUCT((Recipes!$A$2:$A$480=$B9)*(Recipes!$I$2:$I$480="No price yet")) -> 0 | I9: =IF($H9>0,"No","Yes") -> Yes
A10: Wings & Chicken | B10: Buffalo Wings | C10: 150 | D10: =SUMPRODUCT((Recipes!$A$2:$A$480=$B10)*IF(ISNUMBER(Recipes!$H$2:$H$480),Recipes!$H$2:$H$480,0)) -> 28.48 | E10: =IF($D10="","",$C10-$D10) -> 121.52 | F10: =IF(OR($I10<>"Yes",$C10<=0),"",($C10-$D10)/$C10) | G10: =SUMPRODUCT((Recipes!$A$2:$A$480=$B10)*1) -> 11 | H10: =SUMPRODUCT((Recipes!$A$2:$A$480=$B10)*(Recipes!$I$2:$I$480="No price yet")) -> 6 | I10: =IF($H10>0,"No","Yes") -> No
A11: Black and White - Hot | B11: Café Latte ( Hot ) | C11: 120 | D11: =SUMPRODUCT((Recipes!$A$2:$A$480=$B11)*IF(ISNUMBER(Recipes!$H$2:$H$480),Recipes!$H$2:$H$480,0)) -> 43.3 | E11: =IF($D11="","",$C11-$D11) -> 76.7 | F11: =IF(OR($I11<>"Yes",$C11<=0),"",($C11-$D11)/$C11) -> 0.639167 | G11: =SUMPRODUCT((Recipes!$A$2:$A$480=$B11)*1) -> 4 | H11: =SUMPRODUCT((Recipes!$A$2:$A$480=$B11)*(Recipes!$I$2:$I$480="No price yet")) -> 0 | I11: =IF($H11>0,"No","Yes") -> Yes
A12: Black and White - Iced | B12: Café Latte ( Iced ) | C12: 120 | D12: =SUMPRODUCT((Recipes!$A$2:$A$480=$B12)*IF(ISNUMBER(Recipes!$H$2:$H$480),Recipes!$H$2:$H$480,0)) -> 37.93 | E12: =IF($D12="","",$C12-$D12) -> 82.07 | F12: =IF(OR($I12<>"Yes",$C12<=0),"",($C12-$D12)/$C12) -> 0.683893 | G12: =SUMPRODUCT((Recipes!$A$2:$A$480=$B12)*1) -> 5 | H12: =SUMPRODUCT((Recipes!$A$2:$A$480=$B12)*(Recipes!$I$2:$I$480="No price yet")) -> 0 | I12: =IF($H12>0,"No","Yes") -> Yes
A13: House Special - Hot | B13: Café Mocha ( Hot ) | C13: 130 | D13: =SUMPRODUCT((Recipes!$A$2:$A$480=$B13)*IF(ISNUMBER(Recipes!$H$2:$H$480),Recipes!$H$2:$H$480,0)) -> 61.56 | E13: =IF($D13="","",$C13-$D13) -> 68.44 | F13: =IF(OR($I13<>"Yes",$C13<=0),"",($C13-$D13)/$C13) -> 0.5265 | G13: =SUMPRODUCT((Recipes!$A$2:$A$480=$B13)*1) -> 5 | H13: =SUMPRODUCT((Recipes!$A$2:$A$480=$B13)*(Recipes!$I$2:$I$480="No price yet")) -> 0 | I13: =IF($H13>0,"No","Yes") -> Yes
... A75: Signature Coffee - Iced | B75: White Mocha Latte ( Iced ) | C75: 169 | D75: =SUMPRODUCT((Recipes!$A$2:$A$480=$B75)*IF(ISNUMBER(Recipes!$H$2:$H$480),Recipes!$H$2:$H$480,0)) -> 39.15 | E75: =IF($D75="","",$C75-$D75) -> 129.85 | F75: =IF(OR($I75<>"Yes",$C75<=0),"",($C75-$D75)/$C75) -> 0.768356 | G75: =SUMPRODUCT((Recipes!$A$2:$A$480=$B75)*1) -> 5 | H75: =SUMPRODUCT((Recipes!$A$2:$A$480=$B75)*(Recipes!$I$2:$I$480="No price yet")) -> 0 | I75: =IF($H75>0,"No","Yes") -> Yes

Sheet Notes
A1: Your recipes, costed
A3: 479 recipe lines across 74 products, exported 2026-09-02.
A4: 7 products cannot be costed yet because 17 ingredients have no price. Their margin is left blank rather than reported as if the missing ingredient were free.
A5: No price yet: Butter, Cayenne pepper, Flour, Paprika, Salt, Sriracha, Honey, Parsley, Apple cider vinegar, Dried rosemary, Dried thyme, Pepper, Soy sauce, Garlic powder, Ketchup, Oil, Ginger
A7: To pivot it
A8: Click any cell on Recipes or Dish Costs, then Insert > PivotTable. The range is already a named table (RecipeLines and DishCosts), so Excel fills the source in for you.
A9: Pivot Recipes to ask where the money goes — Line Cost by Ingredient, or by Category. Pivot Dish Costs to ask which dishes earn — Margin % by Product. Keep them apart: a selling price summed once per ingredient is eleven times too big, which is why it is not on the Recipes sheet.
A11: To change something
A12: Edit Quantity on the Recipes sheet and upload this file back at Settings > Import > Recipes. Only the first four columns are read; everything after them is ignored on the way in.
A13: Do NOT edit a Product Name or an Ingredient Name. Both are matched by name, so an edited one either fails to find its target or attaches the line to something else.
A14: Adding a line to an existing dish works — type it under the last row. A brand-new dish, or a brand-new ingredient, has to exist first: add it with the Products or Ingredients template, or use the Setup Pack, which loads Products, then Ingredients, then Recipes in one upload.
A15: Deleting a row here does NOT delete the recipe line. The import only ever adds or updates; remove a line in the app instead.
... A18: It is what the ingredient costs in Clerque right now. Recording a delivery recalculates it as a weighted average of what you actually paid, so export again after a delivery rather than trusting an old file.
